�����L�[,�����p�r�R�[�H,�����ރR�[�H,�����p�r����,���p�r����,���p�r������,�J�����_�[�p�^�[���R�[�H,WSC�p�^�[��,�Ɩ����M�Q�ƒl,�l�̔��M�Q�ƒl,�@�픭�M�Q�ƒl,��Ƌ��x�w��,�O�C������,�p�^�[��1�󒲊J�n����1,�p�^�[��1�󒲏I������1,�p�^�[��1�󒲊J�n����2,�p�^�[��1�󒲏I������2,�p�^�[��2�󒲊J�n����1,�p�^�[��2�󒲏I������1,�p�^�[��2�󒲊J�n����2,�p�^�[��2�󒲏I������2,�N�ԋ󒲎���,�N�ԏƖ��_������,��ݒ�Ɠx,��Ɩ�����d��,�N�Ԋ��C����,��ݒ芷�C����,��ݒ芷�C����,��ݒ�S������,��ݒ蓒�g�p��,��ݒ蓒�g�p��,�N�ԋ����@����,(��)�����L�[,(��)�����ރR�[�H,�����p�r����,�󒲉^�]�p�^�[��,��ݒ蓒�g�p�ʁi���ʁj,��ݒ蓒�g�p�ʁi�V�����[�j,��ݒ蓒�g�p�ʁi�~�[�j,��ݒ蓒�g�p�ʁi���̑��j
O-1,Office,OfficeRoom,��������,������,,A,WSC1,12,0.1,12,3,5,7,21,,,,0,,,3374,3133,750,16.3,0,-,0,0,3.8,[L/�l��],241,O-1,1,������,��,3.8,0,0,0
O-2,Office,ComputerRoom,��������,�d�q�v�Z�@�펖����,�d�Z������,A,WSC1,12,0.1,30,3,5,7,21,,,,0,,,3374,3133,750,16.3,0,-,0,0,3.8,[L/�l��],241,O-2,2,�d�Z������,��,3.8,0,0,0
O-3,Office,MeetingRoom,��������,��c��,,A,WSC1,10,0.25,2,3,12,8,18,,,,0,,,2410,2169,500,10.9,0,-,0,0,3.8,[L/�l��],241,O-3,3,��c��,��,3.8,0,0,0
O-4,Office,TeaRoom,��������,�i����,,A,WSC1,10,0.25,2,3,12,8,18,,,,0,,,2410,2169,300,12,0,-,0,0,32,[L/m2��],241,O-4,4,�i����,��,0,0,32,0
O-5,Office,Canteen,��������,�Ј��H��,,A,WSC1,30,0.5,0,3,15,11,14,,,,0,,,723,723,500,20,0,-,0,0,48,[L/m2��],241,O-7,7,�Ј��H��,��,0,0,48,0
O-6,Office,CentralMonitoringRoom,��������,�����Ď���,,A,WSC2,20,0.15,30,3,4,0,24,,,0,24,,,8760,8760,500,13.7,0,-,0,0,3.8,[L/�l��],365,O-5,5,�����Ď���,�I��,3.8,0,0,0
O-7,Office,LockerRoom,��������,�X�ߎ����͑q��,�X�ߎ��E�q��,A,WSC1,15,0.3,0,3,4,7,21,,,,0,,,3374,3133,300,6.6,3133,��O��,13.5,300,62,[L/�l��],241,O-6,6,�X�ߎ�,��,0,62,0,0
O-8,Office,Corridor,��������,�L��,,A,WSC1,15,0.03,0,3,2.5,8,21,,,,0,,,3133,3133,200,8,0,-,0,0,0,-,0,O-8,8,�L��,��,-,-,-,-
O-9,Office,Lobby,��������,���r�[,,A,WSC1,15,0.03,0,3,2.5,8,21,,,,0,,,3133,3133,500,17.9,0,-,0,0,3.8,[L/�l��],241,O-9,9,���r�[,��,3.8,0,0,0
O-10,Office,Toilet,��������,�֏�,,A,WSC1,15,0.03,0,3,2.5,8,21,,,,0,,,3133,3133,300,12,3133,��O��,40.5,300,0,-,0,O-10,10,�֏�,��,-,-,-,-
O-11,Office,SmokingRoom,��������,�i����,,A,WSC1,15,0.03,0,3,2.5,8,21,,,,0,,,3133,3133,300,6.6,3133,��O��,81,300,0,-,0,O-11,11,�i����,��,-,-,-,-
O-12,Office,Kitchen,��������,�~�[,,A,,,,,,,,,,,,,,,0,2000,750,16.5,2000,����,135,600,0,-,0,O-12,12,�~�[,,-,-,-,-
O-13,Office,IndoorParking,��������,�������ԏ�,,A,,,,,,,,,,,,,,,0,3500,150,3.6,3500,����,30,600,0,-,0,O-13,13,�������ԏ�,,-,-,-,-
O-14,Office,MechanicalRoom,��������,�@�B��,,A,,,,,,,,,,,,,,,0,200,200,4.9,8760,����,13.5,300,0,-,0,O-14,14,�@�B��,,-,-,-,-
O-15,Office,ElectricalRoom,��������,�d�C��,,A,,,,,,,,,,,,,,,0,200,200,4.9,8760,����,27,300,0,-,0,O-15,15,�d�C��,,-,-,-,-
O-16,Office,Kitchenette,��������,��������,,A,,,,,,,,,,,,,,,0,1000,300,6.6,2000,��O��,13.5,300,0,-,0,O-16,16,��������,,-,-,-,-
O-17,Office,StorageRoom,��������,�H�i�ɓ�,,A,,,,,,,,,,,,,,,0,1000,300,7.2,2000,����,13.5,300,0,-,0,O-17,17,�H�i�ɓ�,,-,-,-,-
O-18,Office,CopyRoom,��������,�������,,A,,,,,,,,,,,,,,,0,1000,500,10.9,2000,��O��,27,300,0,-,0,O-18,18,�R�s�[����,,-,-,-,-
O-19,Office,GarbageStorage,��������,�p�����ۊǏꏊ��,�S�~�u�ꓙ,A,,,,,,,,,,,,,,,0,1000,150,3.6,2000,����,40.5,300,0,-,0,O-19,19,�S�~�u�ꓙ,,-,-,-,-
H-1,Hotel,GuestRoom,�z�e����,�q��,,A,WSC2,15,0.07,4,1,4,0,10,19,24,0,10,19,24,5475,2920,300,10.8,0,-,0,0,165,[L/�l��],365,H-1,1,�q��,�[��,0,79,0,86
H-2,Hotel,BathroomInGuestRoom,�z�e����,�q�����̗�����,�q����������,A,WSC2,15,0.07,4,1,4,0,10,19,24,0,10,19,24,5475,2920,300,12,5475,��O��,21.6,300,165,[L/�l��],365,H-2,2,���ʎ�,�[��,0,79,0,86
H-3,Hotel,FrontDesk_AllDay,�z�e����,�I�����p�����t�����g,�t�����g(�I��),A,WSC2,20,0.1,0,3,2.5,0,24,,,0,24,,,8760,8760,500,20,0,-,0,0,0,-,0,H-16,16,�q�����t�����g,�I��,-,-,-,-
H-4,Hotel,OfficeRoom_AllDay,�z�e����,�I�����p����鎖����,������(�I��),A,WSC2,20,0.2,10,3,5,0,24,,,0,24,,,8760,8760,750,16.3,0,-,0,0,3.8,[L/�l��],365,H-10,10,�q����������,�I��,3.8,0,0,0
H-5,Hotel,Corridor_AllDay,�z�e����,�I�����p�����L��,�L��(�I��),A,WSC2,10,0.05,0,3,2.5,0,24,,,0,24,,,8760,8760,150,6,0,-,0,0,0,-,0,H-14,14,�q�����L��,�I��,-,-,-,-
H-6,Hotel,Lobby_AllDay,�z�e����,�I�����p����郍�r�[,���r�[(�I��),A,WSC2,20,0.1,0,3,2.5,0,24,,,0,24,,,8760,8760,300,12,0,-,0,0,3.8,[L/�l��],365,H-15,15,�q�������r�[,�I��,3.8,0,0,0
H-7,Hotel,Toilet_AllDay,�z�e����,�I�����p����鋤�p���̕֏�,�֏�(�I��),A,WSC2,20,0.1,0,3,2.5,0,24,,,0,24,,,8760,8760,300,12,8760,��O��,40.5,300,0,-,0,H-17,17,�q�����֏�,�I��,-,-,-,-
H-8,Hotel,SmokingRoom_AllDay,�z�e����,�I�����p�����i����,�i����(�I��),A,WSC2,20,0.1,0,3,2.5,0,24,,,0,24,,,8760,8760,300,6.6,8760,��O��,81,300,0,-,0,H-18,18,�q�����i����,�I��,-,-,-,-
H-9,Hotel,BanquetHall,�z�e����,�����,,A,WSC2,100,0.7,12,5,20,9,21,,,9,21,,,4380,4380,750,30,0,-,0,0,3.8,[L/�l��],365,H-3,3,�����,��,3.8,0,0,0
H-10,Hotel,ConferenceRoom,�z�e����,��c��,,A,WSC2,50,0.7,0,5,20,9,21,,,9,21,,,4380,4380,750,30,0,-,0,0,3.8,[L/�l��],365,H-4,4,���c��,��,3.8,0,0,0
H-11,Hotel,WeddingHall,�z�e����,��������,,A,WSC2,30,0.3,0,3,7.5,8,20,,,8,20,,,4380,4380,750,30,0,-,0,0,3.8,[L/�l��],365,H-5,5,��������,��,3.8,0,0,0
H-12,Hotel,Restaurant,�z�e����,���X�g����,,A,WSC2,20,0.5,10,3,12.5,6,21,,,6,21,,,5475,4745,300,12,0,-,0,0,48,[L/m2��],365,H-6,6,���X�g����,��,0,0,48,0
H-13,Hotel,Lounge,�z�e����,���E���W,,A,WSC2,20,0.2,0,3,5,7,21,,,7,21,,,5110,5110,300,12,0,-,0,0,3.8,[L/�l��],365,H-7,7,���E���W,��,3.8,0,0,0
H-14,Hotel,Bar,�z�e����,�o�[,,A,WSC2,10,0.2,0,3,5,18,24,,,18,24,,,2190,2190,150,6,0,-,0,0,3.8,[L/�l��],365,H-8,8,�o�[,�[��,3.8,0,0,0
H-15,Hotel,Shop,�z�e����,�X��,,A,WSC2,30,0.1,30,3,10,9,19,,,9,19,,,3650,3650,500,17.9,0,-,0,0,3.8,[L/�l��],365,H-9,9,�X��,��,3.8,0,0,0
H-16,Hotel,Canteen,�z�e����,�Ј��H��,,A,WSC2,20,0.5,0,3,12.5,6,21,,,6,21,,,5475,5110,500,20,0,-,0,0,48,[L/m2��],365,H-12,12,�Ј��H��,��,0,0,48,0
H-17,Hotel,LockerRoom,�z�e����,�X�ߎ����͑q��,�X�ߎ��E�q��,A,WSC2,15,0.1,0,3,5,0,24,,,0,24,,,8760,8760,300,6.6,8760,��O��,13.5,300,62,[L/�l��],365,H-13,13,�X�ߎ�,�I��,0,62,0,0
H-18,Hotel,FrontDesk_Daytime,�z�e����,�����̂ݗ��p�����t�����g,�t�����g(����),A,WSC2,35,0.2,0,3,7.5,8,21,,,8,21,,,4745,4745,500,20,0,-,0,0,0,-,0,H-21,21,�t�����g,��,-,-,-,-
H-19,Hotel,OfficeRoom_Daytime,�z�e����,�����̂ݗ��p����鎖����,������(����),A,WSC2,20,0.2,10,3,5,7,22,,,7,22,,,5475,5475,750,16.3,0,-,0,0,3.8,[L/�l��],365,H-11,11,������,��,3.8,0,0,0
H-20,Hotel,Corridor_Daytime,�z�e����,�����̂ݗ��p�����L��,�L��(����),A,WSC2,10,0.1,0,3,5,8,21,,,8,21,,,4745,4745,150,6,0,-,0,0,0,-,0,H-19,19,�L��,��,-,-,-,-
H-21,Hotel,Lobby_Daytime,�z�e����,�����̂ݗ��p����郍�r�[,���r�[(����),A,WSC2,35,0.2,0,3,7.5,8,21,,,8,21,,,4745,4745,300,12,0,-,0,0,3.8,[L/�l��],365,H-20,20,���r�[,��,3.8,0,0,0
H-22,Hotel,Toilet_Daytime,�z�e����,�����̂ݗ��p����鋤�p���̕֏�,�֏�(����),A,WSC2,35,0.2,0,3,7.5,8,21,,,8,21,,,4745,4745,300,12,4745,��O��,40.5,300,0,-,0,H-22,22,�֏�,��,-,-,-,-
H-23,Hotel,SmokingRoom_Daytime,�z�e����,�����̂ݗ��p�����i����,�i����(����),A,WSC2,35,0.2,0,3,7.5,8,21,,,8,21,,,4745,4745,300,6.6,4745,��O��,81,300,0,-,0,H-23,23,�i����,��,-,-,-,-
H-24,Hotel,Kitchen,�z�e����,�~�[,,A,,,,,,,,,,,,,,,0,3200,750,16.5,3200,����,135,600,0,-,0,H-24,24,�~�[,,-,-,-,-
H-25,Hotel,IndoorParking,�z�e����,�������ԏ�,,A,,,,,,,,,,,,,,,0,8760,150,3.6,8760,����,30,600,0,-,0,H-25,25,�������ԏ�,,-,-,-,-
H-26,Hotel,MechanicalRoom,�z�e����,�@�B��,,A,,,,,,,,,,,,,,,0,320,200,4.9,8760,����,13.5,300,0,-,0,H-26,26,�@�B��,,-,-,-,-
H-27,Hotel,ElectricalRoom,�z�e����,�d�C��,,A,,,,,,,,,,,,,,,0,320,200,4.9,8760,����,27,300,0,-,0,H-27,27,�d�C��,,-,-,-,-
H-28,Hotel,Kitchenette,�z�e����,��������,,A,,,,,,,,,,,,,,,0,1600,300,6.6,3200,��O��,13.5,300,0,-,0,H-28,28,��������,,-,-,-,-
H-29,Hotel,StorageRoom,�z�e����,�H�i�ɓ�,,A,,,,,,,,,,,,,,,0,1600,300,7.2,3200,����,13.5,300,0,-,0,H-29,29,�H�i�ɓ�,,-,-,-,-
H-30,Hotel,CopyRoom,�z�e����,�������,,A,,,,,,,,,,,,,,,0,1600,500,10.9,3200,��O��,27,300,0,-,0,H-30,30,�R�s�[����,,-,-,-,-
H-31,Hotel,GarbageStorage,�z�e����,�p�����ۊǏꏊ��,�S�~�u�ꓙ,A,,,,,,,,,,,,,,,0,1600,150,3.6,3200,����,40.5,300,0,-,0,H-31,31,�S�~�u�ꓙ,,-,-,-,-
D-1,Hospital,Ward,�a�@��,�a��,,A,WSC2,12,0.08,3,1,4,0,24,,,0,24,,,8760,5110,300,10.3,0,-,0,0,284.2,[L/����],365,D-1,1,�a��,�I��,0,21,0,263.2
D-2,Hospital,Bathroom,�a�@��,������,,A,WSC2,12,0.08,3,1,4,0,24,,,0,24,,,8760,5110,300,12,8760,��O��,21.6,300,284.2,[L/����],365,,,���ʎ�,�I��,0,21,0,263.2
D-3,Hospital,StaffStation,�a�@��,�Ō�E����,,A,WSC2,12,0.08,3,1,4,0,24,,,0,24,,,8760,5110,750,16.3,0,-,0,0,3.3,[L/m2��],365,D-2,2,�X�^�b�t�X�e�[�V����,�I��,0,0,0,3.3
D-4,Hospital,Corridor_AllDay,�a�@��,�I�����p�����L��,�L��(�I��),A,WSC2,20,0.05,0,3,5,0,24,,,0,24,,,8760,8760,300,6.6,0,-,0,0,0,-,0,D-12,12,�a�����L��,�I��,-,-,-,-
D-5,Hospital,Lobby_AllDay,�a�@��,�I�����p����郍�r�[,���r�[(�I��),A,WSC2,20,0.05,0,3,5,0,24,,,0,24,,,8760,8760,300,12,0,-,0,0,3.8,[L/�l��],365,,,�a�������r�[,�I��,3.8,0,0,0
D-6,Hospital,Toilet_AllDay,�a�@��,�I�����p����鋤�p���̕֏�,�֏�(�I��),A,WSC2,20,0.05,0,3,5,0,24,,,0,24,,,8760,8760,300,12,8760,��O��,40.5,300,0,-,0,D-13,13,�a�����֏�,�I��,-,-,-,-
D-7,Hospital,SmokingRoom_AllDay,�a�@��,�I�����p�����i����,�i����(�I��),A,WSC2,20,0.05,0,3,5,0,24,,,0,24,,,8760,8760,300,7.4,8760,��O��,81,300,0,-,0,D-14,14,�a�����i����,�I��,-,-,-,-
D-8,Hospital,ConsultingRoom,�a�@��,�f�@��,,A,WSC1,20,0.2,15,3,5,8,18,,,8,16,,,2818,2818,750,16.3,0,-,0,0,3.3,[L/m2��],292,D-3,3,�f�@��,��,0,0,0,3.3
D-9,Hospital,WaitingLounge,�a�@��,�ҍ���,,A,WSC1,20,0.2,15,3,5,8,18,,,8,16,,,2818,2818,500,11,0,-,0,0,3.3,[L/m2��],292,D-4,4,�ҍ���,��,0,0,0,3.3
D-10,Hospital,OperatingRoom,�a�@��,��p��,,A,WSC1,20,0.1,30,3,10,8,18,,,8,18,,,2920,2920,1500,32.6,0,-,0,0,6.3,[L/m2��],292,D-5,5,��p��,��,0,0,0,6.3
D-11,Hospital,ExaminingRoom,�a�@��,������,,A,WSC1,20,0.1,30,3,10,8,18,,,8,18,,,2920,2920,750,16.3,0,-,0,0,6.3,[L/m2��],292,D-6,6,������,��,0,0,0,6.3
D-12,Hospital,IntensiveCareUnit,�a�@��,�W�����Î�,,A,WSC2,20,0.1,30,1,4,0,24,,,0,24,,,8760,8760,750,16.3,0,-,0,0,6.3,[L/m2��],365,D-7,7,�W�����Î�,�I��,0,0,0,6.3
D-13,Hospital,DissectingRoom,�a�@��,��U����,,A,WSC1,20,0.2,15,3,5,8,18,,,8,18,,,2920,2628,75,1.7,0,-,0,0,3.8,[L/�l��],292,D-11,11,������,��,3.8,0,0,0
D-14,Hospital,Restaurant,�a�@��,���X�g����,,A,WSC2,20,0.1,10,3,4,7,19,,,7,19,,,4380,4380,500,12.2,0,-,0,0,48,[L/m2��],365,D-8,8,���X�g����,��,0,0,48,0
D-15,Hospital,OfficeRoom,�a�@��,������,,A,WSC1,20,0.2,15,3,5,8,18,,,8,18,,,2920,2628,750,16.3,0,-,0,0,3.8,[L/�l��],292,D-9,9,������,��,3.8,0,0,0
D-16,Hospital,LockerRoom,�a�@��,�X�ߎ����͑q��,�X�ߎ��E�q��,A,WSC1,15,0.1,0,3,5,8,18,,,8,18,,,2920,2628,300,6.6,2920,��O��,13.5,300,62,[L/�l��],292,,,�X�ߎ�,��,0,62,0,0
D-17,Hospital,Corridor_Daytime,�a�@��,�����̂ݗ��p�����L��,�L��(����),A,WSC1,20,0.05,0,5,5,8,18,,,8,18,,,2920,2920,300,6.6,0,-,0,0,0,-,0,D-15,15,�L��,��,-,-,-,-
D-18,Hospital,Lobby_Daytime,�a�@��,�����̂ݗ��p����郍�r�[,���r�[(����),A,WSC1,20,0.05,0,5,5,8,18,,,8,18,,,2920,2920,300,12,0,-,0,0,3.8,[L/�l��],292,,,���r�[,��,3.8,0,0,0
D-19,Hospital,Toilet_Daytime,�a�@��,�����̂ݗ��p����鋤�p���̕֏�,�֏�(����),A,WSC1,20,0.05,0,5,5,8,18,,,8,18,,,2920,2920,300,12,2920,��O��,40.5,300,0,-,0,D-16,16,�֏�,��,-,-,-,-
D-20,Hospital,SmokingRoom_Daytime,�a�@��,�����̂ݗ��p�����i����,�i����(����),A,WSC1,20,0.05,0,5,5,8,18,,,8,18,,,2920,2920,300,6.6,2920,��O��,81,300,0,-,0,D-17,17,�i����,��,-,-,-,-
D-21,Hospital,Kitchen,�a�@��,�~�[,,A,,,,,,,,,,,,,,,0,5500,750,16.5,5500,����,135,600,0,-,0,D-18,18,�~�[,,-,-,-,-
D-22,Hospital,IndoorParking,�a�@��,�������ԏ�,,A,,,,,,,,,,,,,,,0,8760,150,3.6,8760,����,30,600,0,-,0,D-19,19,�������ԏ�,,-,-,-,-
D-23,Hospital,MechanicalRoom,�a�@��,�@�B��,,A,,,,,,,,,,,,,,,0,550,200,4.9,8760,����,13.5,300,0,-,0,D-20,20,�@�B��,,-,-,-,-
D-24,Hospital,ElectricalRoom,�a�@��,�d�C��,,A,,,,,,,,,,,,,,,0,550,200,4.9,8760,����,27,300,0,-,0,D-21,21,�d�C��,,-,-,-,-
D-25,Hospital,Kitchenette,�a�@��,��������,,A,,,,,,,,,,,,,,,0,2800,300,6.6,5500,��O��,13.5,300,0,-,0,D-22,22,��������,,-,-,-,-
D-26,Hospital,StorageRoom,�a�@��,�H�i�ɓ�,,A,,,,,,,,,,,,,,,0,2800,300,7.2,5500,����,13.5,300,0,-,0,D-23,23,�H�i�ɓ�,,-,-,-,-
D-27,Hospital,CopyRoom,�a�@��,�������,,A,,,,,,,,,,,,,,,0,2800,500,10.9,5500,��O��,27,300,0,-,0,D-24,24,�R�s�[����,,-,-,-,-
D-28,Hospital,GarbageStorage,�a�@��,�p�����ۊǏꏊ��,�S�~�u�ꓙ,A,,,,,,,,,,,,,,,0,2800,150,3.6,5500,����,40.5,300,0,-,0,D-25,25,�S�~�u�ꓙ,,-,-,-,-
S-1,Store,LargeScaleRetailStore,���i�̔��Ƃ��c�ޓX�ܓ�,��^�X�̔���,��^�X����,A,WSC2,30,0.2,40,3,7.5,9,22,,,9,22,,,4745,4745,750,20.1,0,-,0,0,3.8,[L/�l��],365,S-1,1,��^�X����,��,3.8,0,0,0
S-2,Store,SpecializedStore,���i�̔��Ƃ��c�ޓX�ܓ�,���X�̔���,���X����,A,WSC2,30,0.2,40,3,7.5,9,22,,,9,22,,,4745,4745,500,17.9,0,-,0,0,3.8,[L/�l��],365,S-2,2,���X����,��,3.8,0,0,0
S-3,Store,Supermarket,���i�̔��Ƃ��c�ޓX�ܓ�,�X�[�p�[�}�[�P�b�g�̔���,�X�[�p�[����,A,WSC2,30,0.2,40,3,7.5,9,22,,,9,22,,,4745,4745,750,16.5,0,-,0,0,3.8,[L/�l��],365,S-3,3,�X�[�p�[�}�[�P�b�g����,��,3.8,0,0,0
S-4,Store,Backyard,���i�̔��Ƃ��c�ޓX�ܓ�,�ׂ��΂���,,A,WSC2,15,0.1,5,3,5,10,18,,,10,18,,,2920,2920,200,4.4,0,-,0,0,3.8,[L/�l��],365,S-7,7,�o�b�N���[�H,��,3.8,0,0,0
S-5,Store,OfficeRoom,���i�̔��Ƃ��c�ޓX�ܓ�,������,,A,WSC2,20,0.2,15,3,5,9,22,,,9,22,,,4745,4745,750,16.3,0,-,0,0,3.8,[L/�l��],365,S-4,4,������,��,3.8,0,0,0
S-6,Store,LockerRoom,���i�̔��Ƃ��c�ޓX�ܓ�,�X�ߎ����͑q��,�X�ߎ��E�q��,A,WSC2,15,0.1,0,3,5,9,22,,,9,22,,,4745,4745,300,6.6,4745,��O��,13.5,300,62,[L/�l��],365,,,�X�ߎ�,��,0,62,0,0
S-7,Store,Lobby,���i�̔��Ƃ��c�ޓX�ܓ�,���r�[,,A,WSC2,30,0.1,0,3,2.5,9,22,,,9,22,,,4745,4745,750,26.9,0,-,0,0,3.8,[L/�l��],365,S-6,6,���r�[,��,3.8,0,0,0
S-8,Store,Toilet,���i�̔��Ƃ��c�ޓX�ܓ�,�֏�,,A,WSC2,30,0.1,0,3,2.5,9,22,,,9,22,,,4745,4745,300,12,4745,��O��,40.5,300,0,-,0,S-8,8,�֏�,��,-,-,-,-
S-9,Store,SmokingRoom,���i�̔��Ƃ��c�ޓX�ܓ�,�i����,,A,WSC2,30,0.1,0,3,2.5,9,22,,,9,22,,,4745,4745,300,6.6,4745,��O��,81,300,0,-,0,S-9,9,�i����,��,-,-,-,-
S-10,Store,Kitchen,���i�̔��Ƃ��c�ޓX�ܓ�,�~�[,,A,,,,,,,,,,,,,,,0,3400,750,16.5,3400,����,135,600,0,-,0,S-10,10,�~�[,,-,-,-,-
S-11,Store,IndoorParking,���i�̔��Ƃ��c�ޓX�ܓ�,�������ԏ�,,A,,,,,,,,,,,,,,,0,5500,150,3.6,5500,����,30,600,0,-,0,S-11,11,�������ԏ�,,-,-,-,-
S-12,Store,MechanicalRoom,���i�̔��Ƃ��c�ޓX�ܓ�,�@�B��,,A,,,,,,,,,,,,,,,0,340,200,4.9,8760,����,13.5,300,0,-,0,S-12,12,�@�B��,,-,-,-,-
S-13,Store,ElectricalRoom,���i�̔��Ƃ��c�ޓX�ܓ�,�d�C��,,A,,,,,,,,,,,,,,,0,340,200,4.9,8760,����,27,300,0,-,0,S-13,13,�d�C��,,-,-,-,-
S-14,Store,Kitchenette,���i�̔��Ƃ��c�ޓX�ܓ�,��������,,A,,,,,,,,,,,,,,,0,1700,300,6.6,3400,��O��,13.5,300,0,-,0,S-14,14,��������,,-,-,-,-
S-15,Store,StorageRoom,���i�̔��Ƃ��c�ޓX�ܓ�,�H�i�ɓ�,,A,,,,,,,,,,,,,,,0,1700,300,7.2,3400,����,13.5,300,0,-,0,S-15,15,�H�i�ɓ�,,-,-,-,-
S-16,Store,CopyRoom,���i�̔��Ƃ��c�ޓX�ܓ�,�������,,A,,,,,,,,,,,,,,,0,1700,500,10.9,3400,��O��,27,300,0,-,0,S-16,16,�R�s�[����,,-,-,-,-
S-17,Store,GarbageStorage,���i�̔��Ƃ��c�ޓX�ܓ�,�p�����ۊǏꏊ��,�S�~�u�ꓙ,A,,,,,,,,,,,,,,,0,1700,150,3.6,3400,����,40.5,300,0,-,0,S-17,17,�S�~�u�ꓙ,,-,-,-,-
E-1,School,ClassroomInPrimarySchool,�w�Z��,�����w�Z�̋���,�����w�Z����,B,WSC1,20,0.5,0.5,3,12.5,8,16,,,,0,,,1568,1568,500,11.5,0,-,0,0,10,[L/�l��],196,E-2,2,�����w�Z����,��,3.8,0,6.2,0
E-2,School,ClassroomInHighSchool,�w�Z��,�����w�Z�̋���,���Z����,B,WSC1,20,0.5,0.5,3,12.5,8,16,,,,0,,,1568,1568,500,11.5,0,-,0,0,3.8,[L/�l��],196,E-1,1,���Z����,��,3.8,0,0,0
E-3,School,StaffRoom,�w�Z��,�E����,,B,WSC1,20,0.2,10,3,5,8,18,,,8,18,,,3590,3590,500,10.9,0,-,0,0,3.8,[L/�l��],359,E-3,3,�E����,��,3.8,0,0,0
E-4,School,SchoolCanteen,�w�Z��,�����w�Z���͍����w�Z�̐H��,�������Z�H��,B,WSC1,15,0.5,0,3,12.5,11,14,,,,0,,,588,588,500,10.9,0,-,0,0,32,[L/m2��],196,E-4,4,�H��,��,0,0,32,0
E-5,School,ClassroomInCollege,�w�Z��,��w�̋���,��w����,C,WSC1,20,0.5,2,3,10,8,18,,,,0,,,1630,1630,500,11.5,0,-,0,0,3.8,[L/�l��],163,E-5,5,��w����,��,3.8,0,0,0
E-6,School,CollegeCanteen,�w�Z��,��w�̐H��,��w�H��,C,WSC1,15,0.5,0,3,12.5,8,20,,,8,14,,,3132,3132,500,10.9,0,-,0,0,48,[L/m2��],359,E-6,6,��w�H��,��,0,0,48,0
E-7,School,OfficeRoom,�w�Z��,������,,A,WSC1,20,0.2,10,3,5,8,18,,,,0,,,2410,2410,750,16.3,0,-,0,0,3.8,[L/�l��],241,E-7,7,������,��,3.8,0,0,0
E-8,School,ResearchRoom,�w�Z��,������,,A,WSC1,20,0.2,30,3,5,9,21,,,9,21,,,3504,3504,750,16.3,0,-,0,0,3.8,[L/�l��],292,E-8,8,������,��,3.8,0,0,0
E-9,School,ComputerRoom,�w�Z��,�d�q�v�Z�@�퉉�K��,�R���s���[�^��,A,WSC1,20,0.5,60,3,12.5,8,16,,,,0,,,1928,1928,750,16.6,0,-,0,0,3.8,[L/�l��],241,E-9,9,�p�\�R����,��,3.8,0,0,0
E-10,School,Laboratory,�w�Z��,������,,A,WSC1,20,0.5,60,3,12.5,8,16,,,,0,,,1928,1928,1000,27.3,0,-,0,0,3.8,[L/�l��],241,E-10,10,������,��,3.8,0,0,0
E-11,School,PracticalRoom,�w�Z��,���K��,,A,WSC1,20,0.5,60,3,12.5,8,16,,,,0,,,1928,1928,750,20.5,0,-,0,0,3.8,[L/�l��],241,E-11,11,���K��,��,3.8,0,0,0
E-12,School,Hall,�w�Z��,�u�����͑̈��,�u���E�̈��,A,WSC1,20,0.7,0,3,18,10,15,,,,0,,,1205,723,500,14.6,0,-,0,0,3.8,[L/�l��],241,E-12,12,�u��,��,3.8,0,0,0
E-13,School,NightDutyRoom,�w�Z��,�H����,,A,WSC2,15,0.07,4,1,4,0,10,19,24,0,10,19,24,5475,2920,500,10.9,5475,��O��,21.6,300,165,[L/�l��],365,E-13,13,�H����,�[��,0,62,0,103
E-14,School,LockerRoom,�w�Z��,�X�ߎ����͑q��,�X�ߎ��E�q��,A,WSC1,15,0.1,0,3,5,8,18,,,,0,,,2410,2410,300,6.6,2410,��O��,13.5,300,62,[L/�l��],241,,,�X�ߎ�,��,0,62,0,0
E-15,School,Corridor,�w�Z��,�L��,,A,WSC1,15,0.03,0,3,2.5,8,18,,,,0,,,2410,2410,200,8,0,-,0,0,0,-,0,,,�L��,��,-,-,-,-
E-16,School,Lobby,�w�Z��,���r�[,,A,WSC1,35,0.2,0,3,7.5,8,18,,,,0,,,2410,2410,300,12,0,-,0,0,3.8,[L/�l��],241,,,���r�[,��,3.8,0,0,0
E-17,School,Toilet,�w�Z��,�֏�,,A,WSC1,15,0.03,0,3,2.5,8,18,,,,0,,,2410,2410,300,12,2410,��O��,40.5,300,0,-,0,E-14,14,�֏�,��,-,-,-,-
E-18,School,SmokingRoom,�w�Z��,�i����,,A,WSC1,15,0.03,0,3,2.5,8,18,,,,0,,,2410,2410,300,6.6,2410,��O��,81,300,0,-,0,E-15,15,�i����,��,-,-,-,-
E-19,School,Kitchen,�w�Z��,�~�[,,A,,,,,,,,,,,,,,,0,1200,750,16.5,1200,����,135,600,0,-,0,E-16,16,�~�[,,-,-,-,-
E-20,School,IndoorParking,�w�Z��,�������ԏ�,,A,,,,,,,,,,,,,,,0,3000,150,3.6,3000,����,30,600,0,-,0,E-17,17,�������ԏ�,,-,-,-,-
E-21,School,MechanicalRoom,�w�Z��,�@�B��,,A,,,,,,,,,,,,,,,0,120,200,4.9,8760,����,13.5,300,0,-,0,E-18,18,�@�B��,,-,-,-,-
E-22,School,ElectricalRoom,�w�Z��,�d�C��,,A,,,,,,,,,,,,,,,0,120,200,4.9,8760,����,27,300,0,-,0,E-19,19,�d�C��,,-,-,-,-
E-23,School,Kitchenette,�w�Z��,��������,,A,,,,,,,,,,,,,,,0,600,300,6.6,1200,��O��,13.5,300,0,-,0,E-20,20,��������,,-,-,-,-
E-24,School,StorageRoom,�w�Z��,�H�i�ɓ�,,A,,,,,,,,,,,,,,,0,600,300,7.2,1200,����,13.5,300,0,-,0,E-21,21,�H�i�ɓ�,,-,-,-,-
E-25,School,CopyRoom,�w�Z��,�������,,A,,,,,,,,,,,,,,,0,600,500,10.9,1200,��O��,27,300,0,-,0,E-22,22,�R�s�[����,,-,-,-,-
E-26,School,GarbageStorage,�w�Z��,�p�����ۊǏꏊ��,�S�~�u�ꓙ,A,,,,,,,,,,,,,,,0,600,150,3.6,1200,����,40.5,300,0,-,0,E-23,23,�S�~�u�ꓙ,,-,-,-,-
R-1,Restaurant,Restaurant,���H�X��,���X�g�����̋q��,���X�g�����q��,A,WSC2,30,0.5,40,5,12.5,10,23,,,10,23,,,4745,4745,500,20,0,-,0,0,48,[L/m2��],365,R-1,1,���X�g�����q��,��,0,0,48,0
R-2,Restaurant,LightRestaurant,���H�X��,�y�H�X�̋q��,�y�H�X�q��,A,WSC2,20,0.5,0,5,12.5,10,23,,,10,23,,,4745,4745,300,12,0,-,0,0,16,[L/m2��],365,R-2,2,�y�H�X�q��,��,0,0,16,0
R-3,Restaurant,CoffeeShop,���H�X��,�i���X�̋q��,�i���X�q��,A,WSC2,25,0.4,10,3,10,7,22,,,7,22,,,5475,5475,200,17.6,0,-,0,0,32,[L/m2��],365,R-3,3,�i���X�q��,��,0,0,32,0
R-4,Restaurant,Bar,���H�X��,�o�[,,A,WSC1,10,0.2,0,3,5,18,24,,,18,24,,,1752,1752,50,6.8,0,-,0,0,32,[L/m2��],292,R-4,4,�o�[,��,0,0,32,0
R-5,Restaurant,FrontDesk,���H�X��,�t�����g,,A,WSC2,20,0.1,0,3,2.5,10,23,,,10,23,,,4745,4745,500,11,0,-,0,0,0,-,0,R-6,6,�t�����g,��,-,-,-,-
R-6,Restaurant,OfficeRoom,���H�X��,������,,A,WSC2,15,0.1,10,3,5,10,23,,,10,23,,,4745,4745,750,16.3,0,-,0,0,3.8,[L/�l��],365,R-10,10,������,��,3.8,0,0,0
R-7,Restaurant,LockerRoom,���H�X��,�X�ߎ����͑q��,�X�ߎ��E�q��,A,WSC2,15,0.1,0,3,5,10,23,,,10,23,,,4745,4745,300,6.6,4745,��O��,13.5,300,62,[L/�l��],365,R-11,11,�X�ߎ�,��,0,62,0,0
R-8,Restaurant,Corridor,���H�X��,�L��,,A,WSC2,20,0.1,0,3,2.5,10,23,,,10,23,,,4745,4745,150,6,0,-,0,0,0,-,0,R-7,7,�L��,��,-,-,-,-
R-9,Restaurant,Lobby,���H�X��,���r�[,,A,WSC2,20,0.1,0,3,2.5,10,23,,,10,23,,,4745,4745,300,12,0,-,0,0,3.8,[L/�l��],365,R-5,5,���r�[,��,3.8,0,0,0
R-10,Restaurant,Toilet,���H�X��,�֏�,,A,WSC2,20,0.1,0,3,2.5,10,23,,,10,23,,,4745,4745,300,12,4745,��O��,40.5,300,0,-,0,R-8,8,�֏�,��,-,-,-,-
R-11,Restaurant,SmokingRoom,���H�X��,�i����,,A,WSC2,20,0.1,0,3,2.5,10,23,,,10,23,,,4745,4745,300,6.6,4745,��O��,81,300,0,-,0,R-9,9,�i����,��,-,-,-,-
R-12,Restaurant,Kitchen,���H�X��,�~�[,,A,,,,,,,,,,,,,,,0,3400,750,16.5,3400,����,135,600,0,-,0,R-12,12,�~�[,,-,-,-,-
R-13,Restaurant,IndoorParking,���H�X��,�������ԏ�,,A,,,,,,,,,,,,,,,0,5000,150,3.6,5000,����,30,600,0,-,0,R-13,13,�������ԏ�,,-,-,-,-
R-14,Restaurant,MechanicalRoom,���H�X��,�@�B��,,A,,,,,,,,,,,,,,,0,340,200,4.9,8760,����,13.5,300,0,-,0,R-14,14,�@�B��,,-,-,-,-
R-15,Restaurant,ElectricalRoom,���H�X��,�d�C��,,A,,,,,,,,,,,,,,,0,340,200,4.9,8760,����,27,300,0,-,0,R-15,15,�d�C��,,-,-,-,-
R-16,Restaurant,Kitchenette,���H�X��,��������,,A,,,,,,,,,,,,,,,0,1700,300,6.6,3400,��O��,13.5,300,0,-,0,R-16,16,��������,,-,-,-,-
R-17,Restaurant,StorageRoom,���H�X��,�H�i�ɓ�,,A,,,,,,,,,,,,,,,0,1700,300,7.2,3400,����,13.5,300,0,-,0,R-17,17,�H�i�ɓ�,,-,-,-,-
R-18,Restaurant,CopyRoom,���H�X��,�������,,A,,,,,,,,,,,,,,,0,1700,500,10.9,3400,��O��,27,300,0,-,0,R-18,18,�R�s�[����,,-,-,-,-
R-19,Restaurant,GarbageStorage,���H�X��,�p�����ۊǏꏊ��,�S�~�u�ꓙ,A,,,,,,,,,,,,,,,0,1700,150,3.6,3400,����,40.5,300,0,-,0,R-19,19,�S�~�u�ꓙ,,-,-,-,-
M-1,MeetingPlace,GymnasiumInAthletic,�W���,�A�X���`�b�N��̉^����,�A�X���`�b�N��^����,E,WSC1,20,0.3,10,5,7.5,10,23,,,10,23,,,3991,3991,750,16.3,3991,��O��,13.5,300,62,[L/�l��],307,M-1,1,�A�X���`�b�N��,��,0,62,0,0
M-2,MeetingPlace,LobbyInAthletic,�W���,�A�X���`�b�N��̃��r�[,�A�X���`�b�N�ꃍ�r�[,E,WSC1,15,0.1,0,3,2.5,9,23,,,9,23,,,4298,3991,500,10.9,0,-,0,0,3.8,[L/�l��],307,M-2,2,�A�X���`�b�N�ꃍ�r�[,��,3.8,0,0,0
M-3,MeetingPlace,ToiletInAthletic,�W���,�A�X���`�b�N��̕֏�,�A�X���`�b�N��֏�,E,WSC1,15,0.1,0,3,2.5,9,23,,,9,23,,,4298,3991,300,12,3991,��O��,40.5,300,0,-,0,M-3,3,�A�X���`�b�N��֏�,��,-,-,-,-
M-4,MeetingPlace,SmokingRoomInAthletic,�W���,�A�X���`�b�N��̋i����,�A�X���`�b�N��i����,E,WSC1,15,0.1,0,3,2.5,9,23,,,9,23,,,4298,3991,300,6.6,3991,��O��,81,300,0,-,0,M-4,4,�A�X���`�b�N��i����,��,-,-,-,-
M-5,MeetingPlace,SkatingRinkForOfficialCompetition,�W���,�������Z�p�X�P�[�g��,�X�P�[�g��(����),D,WSC1,60,0.1,0,5,12.5,8,21,,,8,21,,,4511,4164,1500,43.8,4164,��O��,13.5,300,62,[L/�l��],347,M-5,5,�A�C�X�z�b�P�[�t�B�M���A����,��,0,62,0,0
M-6,MeetingPlace,ArenaForOfficialCompetition,�W���,�������Z�p�̈��,�̈��(����),D,WSC1,60,0.1,0,5,12.5,8,21,,,8,21,,,4511,4164,1000,29.2,4164,��O��,13.5,300,62,[L/�l��],347,M-6,6,�̈�كA���[�i���j����,��,0,62,0,0
M-7,MeetingPlace,SkatingRinkForGeneralGame,�W���,��ʋ��Z�p�X�P�[�g��,�X�P�[�g��(���),D,WSC1,60,0.1,0,5,12.5,8,21,,,8,21,,,4511,4164,750,21.9,4164,��O��,13.5,300,62,[L/�l��],347,M-7,7,�A�C�X�z�b�P�[�t�B�M���A���,��,0,62,0,0
M-8,MeetingPlace,ArenaForGeneralGame,�W���,��ʋ��Z�p�̈��,�̈��(���),D,WSC1,60,0.1,0,5,12.5,8,21,,,8,21,,,4511,4164,500,14.6,4164,��O��,13.5,300,62,[L/�l��],347,M-8,8,�̈�كA���[�i���j���,��,0,62,0,0
M-9,MeetingPlace,SkatingRinkForRecreation,�W���,���N���G�[�V�����p�X�P�[�g��,�X�P�[�g��(���N),D,WSC1,60,0.1,0,5,12.5,8,21,,,8,21,,,4511,4164,300,8.8,4164,��O��,13.5,300,62,[L/�l��],347,M-9,9,�A�C�X�z�b�P�[�t�B�M���A,��,0,62,0,0
M-10,MeetingPlace,ArenaForRecreation,�W���,���N���G�[�V�����p�̈��,�̈��(���N),D,WSC1,60,0.1,0,5,12.5,8,21,,,8,21,,,4511,4164,200,5.8,4164,��O��,13.5,300,62,[L/�l��],347,M-10,10,�̈�كA���[�i���j,��,0,62,0,0
M-11,MeetingPlace,CheeringSectionInStadium,�W���,���Z��̋q��,���Z�ꉞ����,D,WSC1,20,0.4,0,5,10,8,21,,,8,21,,,4511,4164,75,2.3,0,-,0,0,3.8,[L/�l��],347,M-11,11,�̈�ى�����,��,3.8,0,0,0
M-12,MeetingPlace,LobbyInStadium,�W���,���Z��̃��r�[,���Z�ꃍ�r�[,D,WSC1,15,0.1,0,3,2.5,8,21,,,8,21,,,4511,4164,500,10.9,0,-,0,0,3.8,[L/�l��],347,M-12,12,�̈�ك��r�[,��,3.8,0,0,0
M-13,MeetingPlace,ToiletInStadium,�W���,���Z��̕֏�,���Z��֏�,D,WSC1,15,0.1,0,3,2.5,8,21,,,8,21,,,4511,4164,300,12,4164,��O��,40.5,300,0,-,0,M-13,13,�̈�ٕ֏�,��,-,-,-,-
M-14,MeetingPlace,SmokingRoomInStadium,�W���,���Z��̋i����,���Z��i����,D,WSC1,15,0.1,0,3,2.5,8,21,,,8,21,,,4511,4164,300,6.6,4164,��O��,81,300,0,-,0,M-14,14,�̈�ًi����,��,-,-,-,-
M-15,MeetingPlace,BathroomInBathingFacility,�W���,����{�݂̗���,����{�ݗ���,D,WSC2,10,0.2,0,3,5,8,23,,,8,23,,,5475,5110,300,13.8,5110,��O��,13.5,300,300,[L/�l��],365,M-15,15,����{�ݗ���,��,0,62,0,238
M-16,MeetingPlace,LockerRoomInBathingFacility,�W���,����{�݂̒E�ߏ�,����{�ݒE�ߎ�,D,WSC2,10,0.2,0,3,5,8,23,,,8,23,,,5475,5110,300,7.2,5110,����,13.5,300,300,[L/�l��],365,M-16,16,����{�ݒE�ߎ�,��,0,62,0,238
M-17,MeetingPlace,RestingRoomInBathingFacility,�W���,����{�݂̋x�e��,����{�݋x�e��,D,WSC2,10,0.2,0,3,5,8,23,,,8,23,,,5475,5110,200,8,5110,��O��,13.5,300,3.8,[L/�l��],365,M-18,18,����{�݋x�e��,��,3.8,0,0,0
M-18,MeetingPlace,LobbyInBathingFacility,�W���,����{�݂̃��r�[,����{�݃��r�[,D,WSC2,10,0.2,0,3,5,8,23,,,8,23,,,5475,5110,500,10.9,0,-,0,0,3.8,[L/�l��],365,M-17,17,����{�݃��r�[,��,3.8,0,0,0
M-19,MeetingPlace,ToiletInBathingFacility,�W���,����{�݂̕֏�,����{�ݕ֏�,D,WSC2,15,0.2,0,3,5,8,23,,,8,23,,,5475,5110,300,12,5110,��O��,40.5,300,0,-,0,,,����{�ݕ֏�,��,-,-,-,-
M-20,MeetingPlace,SmokingRoomInBathingFacility,�W���,����{�݂̋i����,����{�݋i����,D,WSC2,15,0.2,0,3,5,8,23,,,8,23,,,5475,5110,300,6.6,5110,��O��,81,300,0,-,0,,,����{�݋i����,��,-,-,-,-
M-21,MeetingPlace,AuditoriumInMovieTheater,�W���,�f��ق̋q��,�f��يϋq��,A,WSC2,15,1,0,5,25,8,24,,,8,24,,,5840,1095,300,12,0,-,0,0,3.8,[L/�l��],365,M-19,19,�f��يϋq��,��,3.8,0,0,0
M-22,MeetingPlace,LobbyInMovieTheater,�W���,�f��ق̃��r�[,�f��ك��r�[,A,WSC2,15,0.1,0,3,2.5,8,24,,,8,24,,,5840,5475,300,12,0,-,0,0,3.8,[L/�l��],365,M-20,20,�f��ك��r�[,��,3.8,0,0,0
M-23,MeetingPlace,ToiletInMovieTheater,�W���,�f��ق̕֏�,�f��ٕ֏�,A,WSC2,15,0.2,0,3,5,8,24,,,8,24,,,5840,5475,300,12,5475,��O��,40.5,300,0,-,0,,,�f��ٕ֏�,��,-,-,-,-
M-24,MeetingPlace,SmokingRoomInMovieTheater,�W���,�f��ق̋i����,�f��ًi����,A,WSC2,15,0.2,0,3,5,8,24,,,8,24,,,5840,5475,300,6.6,5475,��O��,81,300,0,-,0,,,�f��ًi����,��,-,-,-,-
M-25,MeetingPlace,Library,�W���,�}���ق̐}����,�}���ِ}����,E,WSC1,15,0.2,3,3,7,8,19,,,8,19,,,3377,3070,750,16.3,0,-,0,0,3.8,[L/�l��],307,M-21,21,�}����,��,3.8,0,0,0
M-26,MeetingPlace,LobbyInLibrary,�W���,�}���ق̃��r�[,�}���ك��r�[,E,WSC1,15,0.2,0,3,5,8,19,,,8,19,,,3377,3070,300,12,0,-,0,0,3.8,[L/�l��],307,,,�}���ك��r�[,��,3.8,0,0,0
M-27,MeetingPlace,ToiletInLibrary,�W���,�}���ق̕֏�,�}���ٕ֏�,E,WSC1,15,0.2,0,3,5,8,19,,,8,19,,,3377,3070,300,12,3070,��O��,40.5,300,0,-,0,,,�}���ٕ֏�,��,-,-,-,-
M-28,MeetingPlace,SmokingRoomInLibrary,�W���,�}���ق̋i����,�}���ًi����,E,WSC1,15,0.2,0,3,5,8,19,,,8,19,,,3377,3070,300,6.6,3070,��O��,81,300,0,-,0,,,�}���ًi����,��,-,-,-,-
M-29,MeetingPlace,Museum,�W���,�����ق̓W����,�����ٓW����,E,WSC1,15,0.03,0,3,6,8,17,,,8,17,,,2763,2456,500,10.9,0,-,0,0,3.8,[L/�l��],307,M-22,22,������,��,3.8,0,0,0
M-30,MeetingPlace,LobbyInMuseum,�W���,�����ق̃��r�[,�����ك��r�[,E,WSC1,15,0.2,0,3,5,8,17,,,8,17,,,2763,2456,300,12,0,-,0,0,3.8,[L/�l��],307,,,�����ك��r�[,��,3.8,0,0,0
M-31,MeetingPlace,ToiletInMuseum,�W���,�����ق̕֏�,�����ٕ֏�,E,WSC1,15,0.2,0,3,5,8,17,,,8,17,,,2763,2456,300,12,2456,��O��,40.5,300,0,-,0,,,�����ٕ֏�,��,-,-,-,-
M-32,MeetingPlace,SmokingRoomInMuseum,�W���,�����ق̋i����,�����ًi����,E,WSC1,15,0.2,0,3,5,8,17,,,8,17,,,2763,2456,300,6.6,2456,��O��,81,300,0,-,0,,,�����ًi����,��,-,-,-,-
M-33,MeetingPlace,DressingRoom,�W���,����̊y��,����y��,F,WSC1,25,0.2,0,5,5,9,20,,,9,20,,,2761,2510,500,12.2,0,-,0,0,3.8,[L/�l��],251,M-23,23,�y��,��,3.8,0,0,0
M-34,MeetingPlace,BoardInTheater,�W���,����̕���,���ꕑ��,F,WSC1,50,1,0,5,25,10,20,,,10,20,,,2510,2259,500,20,0,-,0,0,3.8,[L/�l��],251,M-24,24,���ꕑ��,��,3.8,0,0,0
M-35,MeetingPlace,AudienceSeatInTheater,�W���,����̋q��,����ϋq��,F,WSC1,50,1,0,5,25,10,20,,,10,20,,,2510,2259,300,12,0,-,0,0,3.8,[L/�l��],251,M-25,25,����ϋq��,��,3.8,0,0,0
M-36,MeetingPlace,LobbyInTheater,�W���,����̃��r�[,���ꃍ�r�[,F,WSC1,15,0.2,0,3,5,10,20,,,10,20,,,2510,2259,300,12,0,-,0,0,3.8,[L/�l��],251,M-26,26,���ꃍ�r�[,��,3.8,0,0,0
M-37,MeetingPlace,ToiletInTheater,�W���,����̕֏�,����֏�,F,WSC1,15,0.2,0,3,5,10,20,,,10,20,,,2510,2259,300,12,2259,��O��,40.5,300,0,-,0,M-27,27,����֏�,��,-,-,-,-
M-38,MeetingPlace,SmokingRoomInTheater,�W���,����̋i����,����i����,F,WSC1,15,0.2,0,3,5,10,20,,,10,20,,,2510,2259,300,6.6,2259,��O��,81,300,0,-,0,M-28,28,����i����,��,-,-,-,-
M-39,MeetingPlace,Karaoke,�W���,�J���I�P�{�b�N�X,,A,WSC2,15,0.4,5,5,10,0,24,,,0,24,,,8760,8760,400,16,8760,��O��,40.5,300,3.8,[L/�l��],365,M-29,29,�C���^�[�l�b�g�J�t�F,�[��,3.8,0,0,0
M-41,MeetingPlace,Bowlling,�W���,�{�[�����O��,,A,WSC2,15,0.1,15,5,2.5,9,24,,,9,24,,,5475,5110,400,16,5110,��O��,40.5,300,3.8,[L/�l��],365,M-31,31,�{�[�����O,��,3.8,0,0,0
M-42,MeetingPlace,Pachinko,�W���,�ς��񂱉�,,A,WSC2,60,0.5,100,5,25,9,23,,,9,23,,,5110,4745,1000,22,4745,��O��,40.5,300,3.8,[L/�l��],365,M-32,32,�p�`���R,��,3.8,0,0,0
M-43,MeetingPlace,AuditoriumInRaceCourse,�W���,���n�ꖔ�͋��֏�̋q��,���n���֏�ϋq��,D,WSC1,20,0.4,12,5,10,9,18,,,9,18,,,3123,2776,500,11,0,-,0,0,3.8,[L/�l��],347,M-33,33,���n���֏�ϋq��,��,3.8,0,0,0
M-44,MeetingPlace,TicketOfficeInRaceCourse,�W���,���n�ꖔ�͋��֏�̌�����,���n���֏ꌔ����,D,WSC1,15,0.1,0,3,2.5,9,18,,,9,18,,,3123,2776,500,11,0,-,0,0,0,-,0,M-35,35,���n���֏ꌔ����,��,-,-,-,-
M-45,MeetingPlace,ShopInRaceCourse,�W���,���n�ꖔ�͋��֏�̓X��,���n���֏�X��,D,WSC1,15,0.1,0,3,2.5,9,18,,,9,18,,,3123,2776,500,11,0,-,0,0,0,-,0,M-36,36,���n���֏ꔄ�X,��,-,-,-,-
M-46,MeetingPlace,LobbyInRaceCourse,�W���,���n�ꖔ�͋��֏�̃��r�[,���n���֏ꃍ�r�[,D,WSC1,15,0.1,0,3,2.5,9,18,,,9,18,,,3123,2776,300,12,0,-,0,0,3.8,[L/�l��],347,M-34,34,���n���֏ꃍ�r�[,��,3.8,0,0,0
M-47,MeetingPlace,ToiletInRaceCourse,�W���,���n�ꖔ�͋��֏�̕֏�,���n���֏�֏�,D,WSC1,15,0.1,0,3,2.5,9,18,,,9,18,,,3123,2776,300,12,3123,��O��,40.5,300,0,-,0,M-37,37,���n���֏�֏�,��,-,-,-,-
M-48,MeetingPlace,SmokingRoomInRaceCourse,�W���,���n�ꖔ�͋��֏�̋i����,���n���֏�i����,D,WSC1,15,0.1,0,3,2.5,9,18,,,9,18,,,3123,2776,300,6.6,3123,��O��,81,300,0,-,0,M-38,38,���n���֏�i����,��,-,-,-,-
M-49,MeetingPlace,MainHallInTemple,�W���,�Ў��̖{�a,�Ў��{�a,F,WSC1,10,1,0,5,25,7,18,,,7,18,,,2761,2510,300,8.1,0,-,0,0,3.8,[L/�l��],251,M-39,39,�Ў��{�a,��,3.8,0,0,0
M-50,MeetingPlace,LobbyInTemple,�W���,�Ў��̃��r�[,�Ў����r�[,F,WSC1,15,0.2,0,3,5,7,18,,,7,18,,,2761,2510,300,12,0,-,0,0,3.8,[L/�l��],251,,,�Ў��{�a���r�[,��,3.8,0,0,0
M-51,MeetingPlace,ToiletInTemple,�W���,�Ў��̕֏�,�Ў��֏�,F,WSC1,15,0.2,0,3,5,7,18,,,7,18,,,2761,2510,300,12,2510,��O��,40.5,300,0,-,0,,,�Ў��{�a�֏�,��,-,-,-,-
M-52,MeetingPlace,SmokingRoomInTemple,�W���,�Ў��̋i����,�Ў��i����,F,WSC1,15,0.2,0,3,5,7,18,,,7,18,,,2761,2510,300,6.6,2510,��O��,81,300,0,-,0,,,�Ў��{�a�i����,��,-,-,-,-
M-53,MeetingPlace,Kitchen,�W���,�~�[,,A,,,,,,,,,,,,,,,0,4000,750,16.5,4000,����,135,600,0,-,0,M-40,40,�~�[,,-,-,-,-
M-54,MeetingPlace,IndoorParking,�W���,�������ԏ�,,A,,,,,,,,,,,,,,,0,4000,150,3.6,4000,����,30,600,0,-,0,M-41,41,�������ԏ�,,-,-,-,-
M-55,MeetingPlace,MechanicalRoom,�W���,�@�B��,,A,,,,,,,,,,,,,,,0,400,200,4.9,8760,����,13.5,300,0,-,0,M-42,42,�@�B��,,-,-,-,-
M-56,MeetingPlace,ElectricalRoom,�W���,�d�C��,,A,,,,,,,,,,,,,,,0,400,200,4.9,8760,����,27,300,0,-,0,M-43,43,�d�C��,,-,-,-,-
M-57,MeetingPlace,Kitchenette,�W���,��������,,A,,,,,,,,,,,,,,,0,2000,300,6.6,4000,��O��,13.5,300,0,-,0,M-44,44,��������,,-,-,-,-
M-58,MeetingPlace,StorageRoom,�W���,�H�i�ɓ�,,A,,,,,,,,,,,,,,,0,2000,300,7.2,4000,����,13.5,300,0,-,0,M-45,45,�H�i�ɓ�,,-,-,-,-
M-59,MeetingPlace,CopyRoom,�W���,�������,,A,,,,,,,,,,,,,,,0,2000,500,10.9,4000,��O��,27,300,0,-,0,M-46,46,�R�s�[����,,-,-,-,-
M-60,MeetingPlace,GarbageStorage,�W���,�p�����ۊǏꏊ��,�S�~�u�ꓙ,A,,,,,,,,,,,,,,,0,2000,150,3.6,4000,����,40.5,300,0,-,0,M-47,47,�S�~�u�ꓙ,,-,-,-,-
F-1,Factory,WareHouse,�H�ꓙ,�q��,,A,,,,,,,,,,,,,,,0,3000,300,7.2,0,-,0,0,0,-,0,,,�q��,,-,-,-,-
F-2,Factory,OutdoorParikng,�H�ꓙ,���O���ԏꖔ�͒��֏�,���O���Ԓ��֏�,A,,,,,,,,,,,,,,,0,3000,150,3.6,0,-,0,0,0,-,0,,,���Ԓ��֏�,,-,-,-,-
A-1,ApartmentHouse,IndoorCorridor,�����Z��,�����L��,,A,WSC2,10,0,0,3,2.5,0,24,,,0,24,,,8760,8760,150,6,0,-,0,0,0,[L/�l��],0,,,�����L��,�I��,-,-,-,-
A-2,ApartmentHouse,Lobby,�����Z��,���r�[,,A,WSC2,20,0,0,3,2.5,0,24,,,0,24,,,8760,8760,300,12,0,-,0,0,0,[L/�l��],0,,,���r�[,�I��,-,-,-,-
A-3,ApartmentHouse,ManagerRoom,�����Z��,�Ǘ��l��,,A,WSC1,12,0.1,12,3,5,8,17,,,9,12,,,2322,2322,750,16.3,0,-,0,0,3.8,[L/�l��],292,,,�Ǘ��l��,��,3.8,0,0,0
A-4,ApartmentHouse,AssemblyRoom,�����Z��,�W�,,A,WSC1,10,0.25,2,3,12,10,16,,,11,14,,,1599,1066,500,10.9,0,-,0,0,1.5,[L/m2��],292,,,�W�,��,0,0,1.5,0
A-5,ApartmentHouse,OutdoorCorridor,�����Z��,���O�L��,,A,,,,,,,,,,,,,,,0,4380,75,6,0,-,0,0,0,-,0,,,���O�L��,,-,-,-,-
A-6,ApartmentHouse,IndoorParking,�����Z��,�������ԏ�,,A,,,,,,,,,,,,,,,0,8760,150,3.6,5110,����,30,300,0,-,0,,,�������ԏ�,,-,-,-,-
A-7,ApartmentHouse,MechanicalRoom,�����Z��,�@�B��,,A,,,,,,,,,,,,,,,0,200,200,4.9,8760,����,12.5,300,0,-,0,,,�@�B��,,-,-,-,-
A-8,ApartmentHouse,ElectricalRoom,�����Z��,�d�C��,,A,,,,,,,,,,,,,,,0,200,200,4.9,8760,����,25,300,0,-,0,,,�d�C��,,-,-,-,-
A-9,ApartmentHouse,GarbageStorage,�����Z��,�p�����ۊǏꏊ��,�S�~�u�ꓙ,A,,,,,,,,,,,,,,,0,8760,150,3.6,8760,����,37.5,300,0,-,0,,,�S�~�u�ꓙ,,-,-,-,-
